{"loss": 1.1922240257263184, "accuracy": 0.7277777791023254}